{"includedArchiveIdentifiers":["com.adsdk.core"],"interfaceLanguages":{"occ":[{"children":[{"title":"Essentials","type":"groupMarker"},{"children":[{"title":"Working with the built-in capabilities of the SDK","type":"groupMarker"},{"path":"\/tutorials\/adsdkcore\/first-steps-for-working-with-adsdk","title":"First steps for working with AdSDK","type":"project"},{"path":"\/tutorials\/adsdkcore\/create-and-display-inline-ads","title":"Create and display inline ads","type":"project"},{"path":"\/tutorials\/adsdkcore\/create-and-display-interstitial-ad","title":"Create and display interstitial ad","type":"project"},{"path":"\/tutorials\/adsdkcore\/monitor-and-process-ad-related-events","title":"Monitor and process ad-related events","type":"project"},{"path":"\/tutorials\/adsdkcore\/user-tagging-and-conversion-tracking","title":"User tagging and conversion tracking","type":"project"},{"path":"\/tutorials\/adsdkcore\/global-parameters-for-all-request-types","title":"Global parameters for all request types","type":"project"},{"path":"\/tutorials\/adsdkcore\/adsdk-cache-management","title":"AdSDK Cache Management","type":"project"},{"title":"Extending the SDK with your custom advertisements","type":"groupMarker"},{"path":"\/tutorials\/adsdkcore\/custom-handling-of-target-tap-urls","title":"Custom handling of target tap URLs","type":"project"},{"path":"\/tutorials\/adsdkcore\/creating-customised-advertising","title":"Creating customised advertising","type":"project"}],"path":"\/tutorials\/meet-adsdk","title":"Meet nextgen AdSDK","type":"overview"},{"path":"\/documentation\/adsdkcore\/adsdkswiftui","title":"AdSDKSwiftUI","type":"article"},{"title":"Advertisement Creation","type":"groupMarker"},{"path":"\/tutorials\/adsdkcore\/create-and-display-inline-ads","title":"Create and display inline ads","type":"project"},{"path":"\/tutorials\/adsdkcore\/create-and-display-interstitial-ad","title":"Create and display interstitial ad","type":"project"},{"title":"Events Handling","type":"groupMarker"},{"path":"\/tutorials\/adsdkcore\/monitor-and-process-ad-related-events","title":"Monitor and process ad-related events","type":"project"},{"title":"Tap Events","type":"groupMarker"},{"path":"\/tutorials\/adsdkcore\/custom-handling-of-target-tap-urls","title":"Custom handling of target tap URLs","type":"project"},{"title":"Tracking Features","type":"groupMarker"},{"path":"\/tutorials\/adsdkcore\/user-tagging-and-conversion-tracking","title":"User tagging and conversion tracking","type":"project"},{"title":"Creating Custom Native Ad","type":"groupMarker"},{"path":"\/tutorials\/adsdkcore\/creating-customised-advertising","title":"Creating customised advertising","type":"project"},{"title":"Variables","type":"groupMarker"},{"path":"\/documentation\/adsdkcore\/adsdkcoreversionnumber","title":"AdSDKCoreVersionNumber","type":"var"},{"path":"\/documentation\/adsdkcore\/adsdkcoreversionstring","title":"AdSDKCoreVersionString","type":"var"}],"path":"\/documentation\/adsdkcore","title":"AdSDKCore","type":"module"}],"swift":[{"children":[{"title":"Essentials","type":"groupMarker"},{"children":[{"title":"Working with the built-in capabilities of the SDK","type":"groupMarker"},{"path":"\/tutorials\/adsdkcore\/first-steps-for-working-with-adsdk","title":"First steps for working with AdSDK","type":"project"},{"path":"\/tutorials\/adsdkcore\/create-and-display-inline-ads","title":"Create and display inline ads","type":"project"},{"path":"\/tutorials\/adsdkcore\/create-and-display-interstitial-ad","title":"Create and display interstitial ad","type":"project"},{"path":"\/tutorials\/adsdkcore\/monitor-and-process-ad-related-events","title":"Monitor and process ad-related events","type":"project"},{"path":"\/tutorials\/adsdkcore\/user-tagging-and-conversion-tracking","title":"User tagging and conversion tracking","type":"project"},{"path":"\/tutorials\/adsdkcore\/global-parameters-for-all-request-types","title":"Global parameters for all request types","type":"project"},{"path":"\/tutorials\/adsdkcore\/adsdk-cache-management","title":"AdSDK Cache Management","type":"project"},{"title":"Extending the SDK with your custom advertisements","type":"groupMarker"},{"path":"\/tutorials\/adsdkcore\/custom-handling-of-target-tap-urls","title":"Custom handling of target tap URLs","type":"project"},{"path":"\/tutorials\/adsdkcore\/creating-customised-advertising","title":"Creating customised advertising","type":"project"}],"path":"\/tutorials\/meet-adsdk","title":"Meet nextgen AdSDK","type":"overview"},{"children":[{"title":"Instance Properties","type":"groupMarker"},{"path":"\/documentation\/adsdkcore\/adservice\/adsdkcoreversion","title":"var adSDKCoreVersion: String","type":"property"},{"path":"\/documentation\/adsdkcore\/adservice\/networkid","title":"let networkID: UInt","type":"property"},{"title":"Instance Methods","type":"groupMarker"},{"path":"\/documentation\/adsdkcore\/adservice\/flushcache()","title":"func flushCache() async throws(AdError)","type":"method"},{"path":"\/documentation\/adsdkcore\/adservice\/setcachesize(_:)","title":"func setCacheSize(UInt8) async throws(AdError)","type":"method"},{"path":"\/documentation\/adsdkcore\/adservice\/setlogginenabled(_:)","title":"func setLogginEnabled(Bool) async","type":"method"}],"path":"\/documentation\/adsdkcore\/adservice","title":"AdService","type":"class"},{"children":[{"title":"Instance Properties","type":"groupMarker"},{"path":"\/documentation\/adsdkcore\/advertisement\/delegate","title":"var delegate: AdEventDelegate?","type":"property"},{"path":"\/documentation\/adsdkcore\/advertisement\/metadata","title":"var metadata: AdMetadata?","type":"property"},{"path":"\/documentation\/adsdkcore\/advertisement\/placementtype","title":"var placementType: AdPlacementType","type":"property"},{"title":"Instance Methods","type":"groupMarker"},{"path":"\/documentation\/adsdkcore\/advertisement\/reload()","title":"func reload() async throws(AdError)","type":"method"}],"path":"\/documentation\/adsdkcore\/advertisement","title":"Advertisement","type":"protocol"},{"path":"\/documentation\/adsdkcore\/adsdkswiftui","title":"AdSDKSwiftUI","type":"article"},{"children":[{"title":"Enumeration Cases","type":"groupMarker"},{"path":"\/documentation\/adsdkcore\/aderror\/adisnotloaded","title":"case adIsNotLoaded","type":"case"},{"path":"\/documentation\/adsdkcore\/aderror\/adloadinginprogress","title":"case adLoadingInProgress","type":"case"},{"path":"\/documentation\/adsdkcore\/aderror\/assetwithidnotfound(assetid:)","title":"case assetWithIdNotFound(assetId: String)","type":"case"},{"path":"\/documentation\/adsdkcore\/aderror\/badurl(description:)","title":"case badURL(description: String)","type":"case"},{"path":"\/documentation\/adsdkcore\/aderror\/bannernotfound","title":"case bannerNotFound","type":"case"},{"path":"\/documentation\/adsdkcore\/aderror\/cacheoverflow(datasize:cachesize:)","title":"case cacheOverflow(dataSize: UInt64, cacheSize: UInt64)","type":"case"},{"path":"\/documentation\/adsdkcore\/aderror\/cacheremoveaction(path:message:)","title":"case cacheRemoveAction(path: URL, message: String)","type":"case"},{"path":"\/documentation\/adsdkcore\/aderror\/cachewriteaction(path:message:)","title":"case cacheWriteAction(path: URL, message: String)","type":"case"},{"path":"\/documentation\/adsdkcore\/aderror\/clientissue","title":"case clientIssue","type":"case"},{"path":"\/documentation\/adsdkcore\/aderror\/customrenderererror(message:)","title":"case customRendererError(message: String)","type":"case"},{"path":"\/documentation\/adsdkcore\/aderror\/decoding(description:)","title":"case decoding(description: String)","type":"case"},{"path":"\/documentation\/adsdkcore\/aderror\/documentdirectoryaccess(message:)","title":"case documentDirectoryAccess(message: String)","type":"case"},{"path":"\/documentation\/adsdkcore\/aderror\/hostconnectionissue","title":"case hostConnectionIssue","type":"case"},{"path":"\/documentation\/adsdkcore\/aderror\/incorrecturl(_:)","title":"case incorrectURL(URL)","type":"case"},{"path":"\/documentation\/adsdkcore\/aderror\/invalidassetname(_:)","title":"case invalidAssetName(String)","type":"case"},{"path":"\/documentation\/adsdkcore\/aderror\/invalidcontenttype","title":"case invalidContentType","type":"case"},{"path":"\/documentation\/adsdkcore\/aderror\/invalidtapurl(_:)","title":"case invalidTapURL(String)","type":"case"},{"path":"\/documentation\/adsdkcore\/aderror\/invalidtargeturl(_:)","title":"case invalidTargetURL(URL)","type":"case"},{"path":"\/documentation\/adsdkcore\/aderror\/mismatchplacementtype(renderername:contentunit:learningtag:)","title":"case mismatchPlacementType(rendererName: String, contentUnit: UInt?, learningTag: [String : String]?)","type":"case"},{"path":"\/documentation\/adsdkcore\/aderror\/reachabilityunavailable","title":"case reachabilityUnavailable","type":"case"},{"path":"\/documentation\/adsdkcore\/aderror\/redirectprocessing(_:)","title":"case redirectProcessing(URL)","type":"case"},{"path":"\/documentation\/adsdkcore\/aderror\/reference","title":"case reference","type":"case"},{"path":"\/documentation\/adsdkcore\/aderror\/rendererinit(name:)","title":"case rendererInit(name: String)","type":"case"},{"path":"\/documentation\/adsdkcore\/aderror\/resourceunavailable","title":"case resourceUnavailable","type":"case"},{"path":"\/documentation\/adsdkcore\/aderror\/servererrorresponse(message:)","title":"case serverErrorResponse(message: String)","type":"case"},{"path":"\/documentation\/adsdkcore\/aderror\/serverissue","title":"case serverIssue","type":"case"},{"path":"\/documentation\/adsdkcore\/aderror\/timedout","title":"case timedOut","type":"case"},{"path":"\/documentation\/adsdkcore\/aderror\/toomanyredirects","title":"case tooManyRedirects","type":"case"},{"path":"\/documentation\/adsdkcore\/aderror\/unknownrenderer(name:)","title":"case unknownRenderer(name: String)","type":"case"},{"path":"\/documentation\/adsdkcore\/aderror\/unknownstatuscode","title":"case unknownStatusCode","type":"case"},{"path":"\/documentation\/adsdkcore\/aderror\/unspecifiednetworkerror(description:)","title":"case unspecifiedNetworkError(description: String)","type":"case"},{"title":"Default Implementations","type":"groupMarker"},{"children":[{"title":"Operators","type":"groupMarker"},{"path":"\/documentation\/adsdkcore\/aderror\/!=(_:_:)","title":"static func != (Self, Self) -> Bool","type":"op"}],"path":"\/documentation\/adsdkcore\/aderror\/equatable-implementations","title":"Equatable Implementations","type":"symbol"},{"children":[{"title":"Instance Properties","type":"groupMarker"},{"path":"\/documentation\/adsdkcore\/aderror\/localizeddescription","title":"var localizedDescription: String","type":"property"}],"path":"\/documentation\/adsdkcore\/aderror\/error-implementations","title":"Error Implementations","type":"symbol"}],"path":"\/documentation\/adsdkcore\/aderror","title":"AdError","type":"enum"},{"title":"Advertisement Creation","type":"groupMarker"},{"path":"\/tutorials\/adsdkcore\/create-and-display-inline-ads","title":"Create and display inline ads","type":"project"},{"path":"\/tutorials\/adsdkcore\/create-and-display-interstitial-ad","title":"Create and display interstitial ad","type":"project"},{"children":[{"title":"Initializers","type":"groupMarker"},{"path":"\/documentation\/adsdkcore\/adrequest\/init(contentunit:profile:keywords:window:timeoutafterseconds:gdprpd:campaignid:bannerid:isshbenabled:dsa:)","title":"init(contentUnit: UInt, profile: [String : String]?, keywords: [String]?, window: UInt32?, timeoutAfterSeconds: TimeInterval?, gdprPd: Bool?, campaignId: String?, bannerId: String?, isSHBEnabled: Bool?, dsa: AdRequestGlobalParameters.DSA?)","type":"init"},{"path":"\/documentation\/adsdkcore\/adrequest\/init(learningtag:profile:keywords:window:timeoutafterseconds:gdprpd:campaignid:bannerid:isshbenabled:dsa:)","title":"init(learningTag: [String : String], profile: [String : String]?, keywords: [String]?, window: UInt32?, timeoutAfterSeconds: TimeInterval?, gdprPd: Bool?, campaignId: String?, bannerId: String?, isSHBEnabled: Bool?, dsa: AdRequestGlobalParameters.DSA?)","type":"init"},{"title":"Instance Properties","type":"groupMarker"},{"path":"\/documentation\/adsdkcore\/adrequest\/bannerid","title":"let bannerId: String?","type":"property"},{"path":"\/documentation\/adsdkcore\/adrequest\/campaignid","title":"let campaignId: String?","type":"property"},{"path":"\/documentation\/adsdkcore\/adrequest\/contentunit","title":"let contentUnit: UInt?","type":"property"},{"path":"\/documentation\/adsdkcore\/adrequest\/dsa","title":"var dsa: AdRequestGlobalParameters.DSA?","type":"property"},{"path":"\/documentation\/adsdkcore\/adrequest\/gdprpd","title":"let gdprPd: Bool?","type":"property"},{"path":"\/documentation\/adsdkcore\/adrequest\/isshbenabled","title":"var isSHBEnabled: Bool?","type":"property"},{"path":"\/documentation\/adsdkcore\/adrequest\/keywords","title":"let keywords: [String]?","type":"property"},{"path":"\/documentation\/adsdkcore\/adrequest\/learningtag","title":"let learningTag: [String : String]?","type":"property"},{"path":"\/documentation\/adsdkcore\/adrequest\/profile","title":"let profile: [String : String]?","type":"property"},{"path":"\/documentation\/adsdkcore\/adrequest\/timeoutafterseconds","title":"let timeoutAfterSeconds: TimeInterval","type":"property"},{"path":"\/documentation\/adsdkcore\/adrequest\/window","title":"let window: UInt32?","type":"property"},{"title":"Default Implementations","type":"groupMarker"},{"children":[{"title":"Operators","type":"groupMarker"},{"path":"\/documentation\/adsdkcore\/adrequest\/!=(_:_:)","title":"static func != (Self, Self) -> Bool","type":"op"}],"path":"\/documentation\/adsdkcore\/adrequest\/equatable-implementations","title":"Equatable Implementations","type":"symbol"}],"path":"\/documentation\/adsdkcore\/adrequest","title":"AdRequest","type":"struct"},{"children":[{"title":"Structures","type":"groupMarker"},{"children":[{"title":"Initializers","type":"groupMarker"},{"path":"\/documentation\/adsdkcore\/globalparameters\/externaluid-swift.struct\/init(uid:isstable:)","title":"init(uid: String, isStable: Bool?)","type":"init"},{"title":"Default Implementations","type":"groupMarker"},{"children":[{"title":"Operators","type":"groupMarker"},{"path":"\/documentation\/adsdkcore\/globalparameters\/externaluid-swift.struct\/!=(_:_:)","title":"static func != (Self, Self) -> Bool","type":"op"}],"path":"\/documentation\/adsdkcore\/globalparameters\/externaluid-swift.struct\/equatable-implementations","title":"Equatable Implementations","type":"symbol"}],"path":"\/documentation\/adsdkcore\/globalparameters\/externaluid-swift.struct","title":"GlobalParameters.ExternalUID","type":"struct"},{"children":[{"title":"Initializers","type":"groupMarker"},{"path":"\/documentation\/adsdkcore\/globalparameters\/gdpr-swift.struct\/init(consent:isrulesenabled:)","title":"init(consent: String, isRulesEnabled: Bool?)","type":"init"},{"title":"Default Implementations","type":"groupMarker"},{"children":[{"title":"Operators","type":"groupMarker"},{"path":"\/documentation\/adsdkcore\/globalparameters\/gdpr-swift.struct\/!=(_:_:)","title":"static func != (Self, Self) -> Bool","type":"op"}],"path":"\/documentation\/adsdkcore\/globalparameters\/gdpr-swift.struct\/equatable-implementations","title":"Equatable Implementations","type":"symbol"}],"path":"\/documentation\/adsdkcore\/globalparameters\/gdpr-swift.struct","title":"GlobalParameters.GDPR","type":"struct"},{"title":"Initializers","type":"groupMarker"},{"path":"\/documentation\/adsdkcore\/globalparameters\/init(gdpr:externaluid:isoptoutenabled:userids:)","title":"init(gdpr: GDPR?, externalUID: ExternalUID?, isOptOutEnabled: Bool?, userIds: [UserIdType]?)","type":"init"},{"title":"Instance Properties","type":"groupMarker"},{"path":"\/documentation\/adsdkcore\/globalparameters\/externaluid-swift.property","title":"var externalUID: ExternalUID?","type":"property"},{"path":"\/documentation\/adsdkcore\/globalparameters\/gdpr-swift.property","title":"var gdpr: GDPR?","type":"property"},{"path":"\/documentation\/adsdkcore\/globalparameters\/isoptoutenabled","title":"var isOptOutEnabled: Bool?","type":"property"},{"path":"\/documentation\/adsdkcore\/globalparameters\/userids","title":"var userIds: [UserIdType]?","type":"property"},{"title":"Enumerations","type":"groupMarker"},{"children":[{"title":"Enumeration Cases","type":"groupMarker"},{"path":"\/documentation\/adsdkcore\/globalparameters\/useridtype\/aaid(id:)","title":"case aaid(id: String)","type":"case"},{"path":"\/documentation\/adsdkcore\/globalparameters\/useridtype\/adserver(id:)","title":"case adserver(id: String)","type":"case"},{"path":"\/documentation\/adsdkcore\/globalparameters\/useridtype\/criteo(id:)","title":"case criteo(id: String)","type":"case"},{"path":"\/documentation\/adsdkcore\/globalparameters\/useridtype\/dforce(id:)","title":"case dforce(id: String)","type":"case"},{"path":"\/documentation\/adsdkcore\/globalparameters\/useridtype\/id5sync(id:)","title":"case id5Sync(id: String)","type":"case"},{"path":"\/documentation\/adsdkcore\/globalparameters\/useridtype\/idfa(id:)","title":"case idfa(id: String)","type":"case"},{"path":"\/documentation\/adsdkcore\/globalparameters\/useridtype\/liveramp(id:)","title":"case liveramp(id: String)","type":"case"},{"path":"\/documentation\/adsdkcore\/globalparameters\/useridtype\/netid(id:)","title":"case netid(id: String)","type":"case"},{"path":"\/documentation\/adsdkcore\/globalparameters\/useridtype\/ppid(id:)","title":"case ppid(id: String)","type":"case"},{"path":"\/documentation\/adsdkcore\/globalparameters\/useridtype\/pubcid(id:)","title":"case pubcid(id: String)","type":"case"},{"path":"\/documentation\/adsdkcore\/globalparameters\/useridtype\/ylid(id:)","title":"case ylid(id: String)","type":"case"},{"title":"Default Implementations","type":"groupMarker"},{"children":[{"title":"Operators","type":"groupMarker"},{"path":"\/documentation\/adsdkcore\/globalparameters\/useridtype\/!=(_:_:)","title":"static func != (Self, Self) -> Bool","type":"op"}],"path":"\/documentation\/adsdkcore\/globalparameters\/useridtype\/equatable-implementations","title":"Equatable Implementations","type":"symbol"}],"path":"\/documentation\/adsdkcore\/globalparameters\/useridtype","title":"GlobalParameters.UserIdType","type":"enum"}],"path":"\/documentation\/adsdkcore\/globalparameters","title":"GlobalParameters","type":"class"},{"children":[{"title":"Structures","type":"groupMarker"},{"children":[{"title":"Initializers","type":"groupMarker"},{"path":"\/documentation\/adsdkcore\/adrequestglobalparameters\/dsa-swift.struct\/init(required:pubrender:datatopubs:)","title":"init(required: DSARequirement, pubRender: DSAPubRender, dataToPubs: DSADataToPubs)","type":"init"},{"title":"Instance Properties","type":"groupMarker"},{"path":"\/documentation\/adsdkcore\/adrequestglobalparameters\/dsa-swift.struct\/datatopubs","title":"let dataToPubs: DSADataToPubs","type":"property"},{"path":"\/documentation\/adsdkcore\/adrequestglobalparameters\/dsa-swift.struct\/pubrender","title":"let pubRender: DSAPubRender","type":"property"},{"path":"\/documentation\/adsdkcore\/adrequestglobalparameters\/dsa-swift.struct\/required","title":"let required: DSARequirement","type":"property"},{"title":"Default Implementations","type":"groupMarker"},{"children":[{"title":"Operators","type":"groupMarker"},{"path":"\/documentation\/adsdkcore\/adrequestglobalparameters\/dsa-swift.struct\/!=(_:_:)","title":"static func != (Self, Self) -> Bool","type":"op"}],"path":"\/documentation\/adsdkcore\/adrequestglobalparameters\/dsa-swift.struct\/equatable-implementations","title":"Equatable Implementations","type":"symbol"}],"path":"\/documentation\/adsdkcore\/adrequestglobalparameters\/dsa-swift.struct","title":"AdRequestGlobalParameters.DSA","type":"struct"},{"title":"Initializers","type":"groupMarker"},{"path":"\/documentation\/adsdkcore\/adrequestglobalparameters\/init(gdpr:externaluid:isoptoutenabled:userids:isshbenabled:dsa:)","title":"init(gdpr: GlobalParameters.GDPR?, externalUID: GlobalParameters.ExternalUID?, isOptOutEnabled: Bool?, userIds: [GlobalParameters.UserIdType]?, isSHBEnabled: Bool?, dsa: DSA?)","type":"init"},{"title":"Instance Properties","type":"groupMarker"},{"path":"\/documentation\/adsdkcore\/adrequestglobalparameters\/dsa-swift.property","title":"var dsa: DSA?","type":"property"},{"path":"\/documentation\/adsdkcore\/adrequestglobalparameters\/isshbenabled","title":"var isSHBEnabled: Bool?","type":"property"},{"title":"Enumerations","type":"groupMarker"},{"children":[{"title":"Enumeration Cases","type":"groupMarker"},{"path":"\/documentation\/adsdkcore\/adrequestglobalparameters\/dsadatatopubs\/ignoretransparency","title":"case ignoreTransparency","type":"case"},{"path":"\/documentation\/adsdkcore\/adrequestglobalparameters\/dsadatatopubs\/optionalsendtransparency","title":"case optionalSendTransparency","type":"case"},{"path":"\/documentation\/adsdkcore\/adrequestglobalparameters\/dsadatatopubs\/sendtransparency","title":"case sendTransparency","type":"case"},{"title":"Initializers","type":"groupMarker"},{"path":"\/documentation\/adsdkcore\/adrequestglobalparameters\/dsadatatopubs\/init(rawvalue:)","title":"init?(rawValue: Int)","type":"init"},{"title":"Default Implementations","type":"groupMarker"},{"children":[{"title":"Operators","type":"groupMarker"},{"path":"\/documentation\/adsdkcore\/adrequestglobalparameters\/dsadatatopubs\/!=(_:_:)","title":"static func != (Self, Self) -> Bool","type":"op"}],"path":"\/documentation\/adsdkcore\/adrequestglobalparameters\/dsadatatopubs\/equatable-implementations","title":"Equatable Implementations","type":"symbol"},{"children":[{"title":"Instance Properties","type":"groupMarker"},{"path":"\/documentation\/adsdkcore\/adrequestglobalparameters\/dsadatatopubs\/hashvalue","title":"var hashValue: Int","type":"property"},{"title":"Instance Methods","type":"groupMarker"},{"path":"\/documentation\/adsdkcore\/adrequestglobalparameters\/dsadatatopubs\/hash(into:)","title":"func hash(into: inout Hasher)","type":"method"}],"path":"\/documentation\/adsdkcore\/adrequestglobalparameters\/dsadatatopubs\/rawrepresentable-implementations","title":"RawRepresentable Implementations","type":"symbol"}],"path":"\/documentation\/adsdkcore\/adrequestglobalparameters\/dsadatatopubs","title":"AdRequestGlobalParameters.DSADataToPubs","type":"enum"},{"children":[{"title":"Enumeration Cases","type":"groupMarker"},{"path":"\/documentation\/adsdkcore\/adrequestglobalparameters\/dsapubrender\/canrender","title":"case canRender","type":"case"},{"path":"\/documentation\/adsdkcore\/adrequestglobalparameters\/dsapubrender\/cantrender","title":"case cantRender","type":"case"},{"path":"\/documentation\/adsdkcore\/adrequestglobalparameters\/dsapubrender\/willrender","title":"case willRender","type":"case"},{"title":"Initializers","type":"groupMarker"},{"path":"\/documentation\/adsdkcore\/adrequestglobalparameters\/dsapubrender\/init(rawvalue:)","title":"init?(rawValue: Int)","type":"init"},{"title":"Default Implementations","type":"groupMarker"},{"children":[{"title":"Operators","type":"groupMarker"},{"path":"\/documentation\/adsdkcore\/adrequestglobalparameters\/dsapubrender\/!=(_:_:)","title":"static func != (Self, Self) -> Bool","type":"op"}],"path":"\/documentation\/adsdkcore\/adrequestglobalparameters\/dsapubrender\/equatable-implementations","title":"Equatable Implementations","type":"symbol"},{"children":[{"title":"Instance Properties","type":"groupMarker"},{"path":"\/documentation\/adsdkcore\/adrequestglobalparameters\/dsapubrender\/hashvalue","title":"var hashValue: Int","type":"property"},{"title":"Instance Methods","type":"groupMarker"},{"path":"\/documentation\/adsdkcore\/adrequestglobalparameters\/dsapubrender\/hash(into:)","title":"func hash(into: inout Hasher)","type":"method"}],"path":"\/documentation\/adsdkcore\/adrequestglobalparameters\/dsapubrender\/rawrepresentable-implementations","title":"RawRepresentable Implementations","type":"symbol"}],"path":"\/documentation\/adsdkcore\/adrequestglobalparameters\/dsapubrender","title":"AdRequestGlobalParameters.DSAPubRender","type":"enum"},{"children":[{"title":"Enumeration Cases","type":"groupMarker"},{"path":"\/documentation\/adsdkcore\/adrequestglobalparameters\/dsarequirement\/notrequired","title":"case notRequired","type":"case"},{"path":"\/documentation\/adsdkcore\/adrequestglobalparameters\/dsarequirement\/required","title":"case required","type":"case"},{"path":"\/documentation\/adsdkcore\/adrequestglobalparameters\/dsarequirement\/requiredforonlineplatform","title":"case requiredForOnlinePlatform","type":"case"},{"path":"\/documentation\/adsdkcore\/adrequestglobalparameters\/dsarequirement\/supported","title":"case supported","type":"case"},{"title":"Initializers","type":"groupMarker"},{"path":"\/documentation\/adsdkcore\/adrequestglobalparameters\/dsarequirement\/init(rawvalue:)","title":"init?(rawValue: Int)","type":"init"},{"title":"Default Implementations","type":"groupMarker"},{"children":[{"title":"Operators","type":"groupMarker"},{"path":"\/documentation\/adsdkcore\/adrequestglobalparameters\/dsarequirement\/!=(_:_:)","title":"static func != (Self, Self) -> Bool","type":"op"}],"path":"\/documentation\/adsdkcore\/adrequestglobalparameters\/dsarequirement\/equatable-implementations","title":"Equatable Implementations","type":"symbol"},{"children":[{"title":"Instance Properties","type":"groupMarker"},{"path":"\/documentation\/adsdkcore\/adrequestglobalparameters\/dsarequirement\/hashvalue","title":"var hashValue: Int","type":"property"},{"title":"Instance Methods","type":"groupMarker"},{"path":"\/documentation\/adsdkcore\/adrequestglobalparameters\/dsarequirement\/hash(into:)","title":"func hash(into: inout Hasher)","type":"method"}],"path":"\/documentation\/adsdkcore\/adrequestglobalparameters\/dsarequirement\/rawrepresentable-implementations","title":"RawRepresentable Implementations","type":"symbol"}],"path":"\/documentation\/adsdkcore\/adrequestglobalparameters\/dsarequirement","title":"AdRequestGlobalParameters.DSARequirement","type":"enum"}],"path":"\/documentation\/adsdkcore\/adrequestglobalparameters","title":"AdRequestGlobalParameters","type":"class"},{"path":"\/documentation\/adsdkcore\/adservice\/setadrequestglobalparameter(_:_:)","title":"func setAdRequestGlobalParameter<T>(WritableKeyPath<AdRequestGlobalParameters, T?>, T?)","type":"method"},{"path":"\/documentation\/adsdkcore\/adservice\/removeadrequestglobalparameter(_:)","title":"func removeAdRequestGlobalParameter<T>(WritableKeyPath<AdRequestGlobalParameters, T?>)","type":"method"},{"children":[{"title":"Enumeration Cases","type":"groupMarker"},{"path":"\/documentation\/adsdkcore\/adplacementtype\/inline","title":"case inline","type":"case"},{"path":"\/documentation\/adsdkcore\/adplacementtype\/interstitial","title":"case interstitial","type":"case"},{"title":"Initializers","type":"groupMarker"},{"path":"\/documentation\/adsdkcore\/adplacementtype\/init(rawvalue:)","title":"init?(rawValue: String)","type":"init"},{"title":"Default Implementations","type":"groupMarker"},{"children":[{"title":"Operators","type":"groupMarker"},{"path":"\/documentation\/adsdkcore\/adplacementtype\/!=(_:_:)","title":"static func != (Self, Self) -> Bool","type":"op"}],"path":"\/documentation\/adsdkcore\/adplacementtype\/equatable-implementations","title":"Equatable Implementations","type":"symbol"},{"children":[{"title":"Initializers","type":"groupMarker"},{"path":"\/documentation\/adsdkcore\/adplacementtype\/init(from:)","title":"init(from: any Decoder) throws","type":"init"},{"title":"Instance Properties","type":"groupMarker"},{"path":"\/documentation\/adsdkcore\/adplacementtype\/hashvalue","title":"var hashValue: Int","type":"property"},{"title":"Instance Methods","type":"groupMarker"},{"path":"\/documentation\/adsdkcore\/adplacementtype\/hash(into:)","title":"func hash(into: inout Hasher)","type":"method"}],"path":"\/documentation\/adsdkcore\/adplacementtype\/rawrepresentable-implementations","title":"RawRepresentable Implementations","type":"symbol"}],"path":"\/documentation\/adsdkcore\/adplacementtype","title":"AdPlacementType","type":"enum"},{"children":[{"title":"Enumeration Cases","type":"groupMarker"},{"path":"\/documentation\/adsdkcore\/adinterstitialstate\/hidden","title":"case hidden","type":"case"},{"path":"\/documentation\/adsdkcore\/adinterstitialstate\/presentedifloaded(_:)","title":"case presentedIfLoaded(Advertisement)","type":"case"},{"title":"Default Implementations","type":"groupMarker"},{"children":[{"title":"Operators","type":"groupMarker"},{"path":"\/documentation\/adsdkcore\/adinterstitialstate\/!=(_:_:)","title":"static func != (Self, Self) -> Bool","type":"op"},{"path":"\/documentation\/adsdkcore\/adinterstitialstate\/==(_:_:)","title":"static func == (AdInterstitialState, AdInterstitialState) -> Bool","type":"op"}],"path":"\/documentation\/adsdkcore\/adinterstitialstate\/equatable-implementations","title":"Equatable Implementations","type":"symbol"}],"path":"\/documentation\/adsdkcore\/adinterstitialstate","title":"AdInterstitialState","type":"enum"},{"path":"\/documentation\/adsdkcore\/adservice\/makeadvertisement(request:placementtype:targeturlhandler:eventdelegate:)","title":"func makeAdvertisement(request: AdRequest, placementType: AdPlacementType, targetURLHandler: TargetURLHandler?, eventDelegate: AdEventDelegate?) async throws(AdError) -> Advertisement","type":"method"},{"title":"Events Handling","type":"groupMarker"},{"path":"\/tutorials\/adsdkcore\/monitor-and-process-ad-related-events","title":"Monitor and process ad-related events","type":"project"},{"children":[{"title":"Instance Methods","type":"groupMarker"},{"children":[{"children":[{"path":"\/documentation\/adsdkcore\/adeventdelegate\/customtrackingeventprocessed(name:url:metadata:)-emie","title":"func customTrackingEventProcessed(name: String, url: URL, metadata: AdMetadata)","type":"method"}],"title":"AdEventDelegate Implementations","type":"groupMarker"}],"path":"\/documentation\/adsdkcore\/adeventdelegate\/customtrackingeventprocessed(name:url:metadata:)-6iw5","title":"func customTrackingEventProcessed(name: String, url: URL, metadata: AdMetadata)","type":"method"},{"children":[{"children":[{"path":"\/documentation\/adsdkcore\/adeventdelegate\/customtrackingeventprocessingfailed(name:url:_:)-548in","title":"func customTrackingEventProcessingFailed(name: String, url: URL, AdError) async -> AdEventFailureAction","type":"method"}],"title":"AdEventDelegate Implementations","type":"groupMarker"}],"path":"\/documentation\/adsdkcore\/adeventdelegate\/customtrackingeventprocessingfailed(name:url:_:)-20qjn","title":"func customTrackingEventProcessingFailed(name: String, url: URL, AdError) async -> AdEventFailureAction","type":"method"},{"children":[{"children":[{"path":"\/documentation\/adsdkcore\/adeventdelegate\/renderermessagereceived(name:message:)-1y8ev","title":"func rendererMessageReceived(name: String, message: String?)","type":"method"}],"title":"AdEventDelegate Implementations","type":"groupMarker"}],"path":"\/documentation\/adsdkcore\/adeventdelegate\/renderermessagereceived(name:message:)-80who","title":"func rendererMessageReceived(name: String, message: String?)","type":"method"},{"children":[{"children":[{"path":"\/documentation\/adsdkcore\/adeventdelegate\/tapeventprocessed(_:processedurl:metadata:)-7vla4","title":"func tapEventProcessed(TapEvent, processedURL: URL, metadata: AdMetadata)","type":"method"}],"title":"AdEventDelegate Implementations","type":"groupMarker"}],"path":"\/documentation\/adsdkcore\/adeventdelegate\/tapeventprocessed(_:processedurl:metadata:)-8cwxv","title":"func tapEventProcessed(TapEvent, processedURL: URL, metadata: AdMetadata)","type":"method"},{"children":[{"children":[{"path":"\/documentation\/adsdkcore\/adeventdelegate\/tapeventprocessingfailed(_:_:)-9dsn9","title":"func tapEventProcessingFailed(TapEvent, AdError) async -> AdEventFailureAction","type":"method"}],"title":"AdEventDelegate Implementations","type":"groupMarker"}],"path":"\/documentation\/adsdkcore\/adeventdelegate\/tapeventprocessingfailed(_:_:)-5g6ki","title":"func tapEventProcessingFailed(TapEvent, AdError) async -> AdEventFailureAction","type":"method"},{"children":[{"children":[{"path":"\/documentation\/adsdkcore\/adeventdelegate\/trackingeventprocessed(_:processedurls:metadata:)-6o5xi","title":"func trackingEventProcessed(TrackingEvent, processedURLs: [URL], metadata: AdMetadata)","type":"method"}],"title":"AdEventDelegate Implementations","type":"groupMarker"}],"path":"\/documentation\/adsdkcore\/adeventdelegate\/trackingeventprocessed(_:processedurls:metadata:)-42km8","title":"func trackingEventProcessed(TrackingEvent, processedURLs: [URL], metadata: AdMetadata)","type":"method"},{"children":[{"children":[{"path":"\/documentation\/adsdkcore\/adeventdelegate\/trackingeventprocessingfailed(_:processedurls:failedurls:)-34ffz","title":"func trackingEventProcessingFailed(TrackingEvent, processedURLs: [URL], failedURLs: [URL : AdError]) async -> AdEventFailureAction","type":"method"}],"title":"AdEventDelegate Implementations","type":"groupMarker"}],"path":"\/documentation\/adsdkcore\/adeventdelegate\/trackingeventprocessingfailed(_:processedurls:failedurls:)-kocr","title":"func trackingEventProcessingFailed(TrackingEvent, processedURLs: [URL], failedURLs: [URL : AdError]) async -> AdEventFailureAction","type":"method"},{"children":[{"children":[{"path":"\/documentation\/adsdkcore\/adeventdelegate\/unloadrequest()-1dcco","title":"func unloadRequest()","type":"method"}],"title":"AdEventDelegate Implementations","type":"groupMarker"}],"path":"\/documentation\/adsdkcore\/adeventdelegate\/unloadrequest()-9jego","title":"func unloadRequest()","type":"method"}],"path":"\/documentation\/adsdkcore\/adeventdelegate","title":"AdEventDelegate","type":"protocol"},{"children":[{"title":"Enumeration Cases","type":"groupMarker"},{"path":"\/documentation\/adsdkcore\/adeventfailureaction\/ignore","title":"case ignore","type":"case"},{"path":"\/documentation\/adsdkcore\/adeventfailureaction\/retry","title":"case retry","type":"case"},{"title":"Default Implementations","type":"groupMarker"},{"children":[{"title":"Operators","type":"groupMarker"},{"path":"\/documentation\/adsdkcore\/adeventfailureaction\/!=(_:_:)","title":"static func != (Self, Self) -> Bool","type":"op"}],"path":"\/documentation\/adsdkcore\/adeventfailureaction\/equatable-implementations","title":"Equatable Implementations","type":"symbol"}],"path":"\/documentation\/adsdkcore\/adeventfailureaction","title":"AdEventFailureAction","type":"enum"},{"children":[{"title":"Enumeration Cases","type":"groupMarker"},{"path":"\/documentation\/adsdkcore\/tapevent\/silenttap(_:)","title":"case silentTap(URL)","type":"case"},{"path":"\/documentation\/adsdkcore\/tapevent\/tap","title":"case tap","type":"case"},{"path":"\/documentation\/adsdkcore\/tapevent\/tapasset(id:)","title":"case tapAsset(id: String)","type":"case"},{"path":"\/documentation\/adsdkcore\/tapevent\/tapurl(_:)","title":"case tapURL(TapURL)","type":"case"},{"title":"Default Implementations","type":"groupMarker"},{"children":[{"title":"Operators","type":"groupMarker"},{"path":"\/documentation\/adsdkcore\/tapevent\/!=(_:_:)","title":"static func != (Self, Self) -> Bool","type":"op"}],"path":"\/documentation\/adsdkcore\/tapevent\/equatable-implementations","title":"Equatable Implementations","type":"symbol"}],"path":"\/documentation\/adsdkcore\/tapevent","title":"TapEvent","type":"enum"},{"children":[{"title":"Enumeration Cases","type":"groupMarker"},{"path":"\/documentation\/adsdkcore\/trackingevent\/impression","title":"case impression","type":"case"},{"path":"\/documentation\/adsdkcore\/trackingevent\/viewable(percentage:)","title":"case viewable(percentage: AdVisibilityPercentage)","type":"case"},{"title":"Default Implementations","type":"groupMarker"},{"children":[{"title":"Operators","type":"groupMarker"},{"path":"\/documentation\/adsdkcore\/trackingevent\/!=(_:_:)","title":"static func != (Self, Self) -> Bool","type":"op"}],"path":"\/documentation\/adsdkcore\/trackingevent\/equatable-implementations","title":"Equatable Implementations","type":"symbol"}],"path":"\/documentation\/adsdkcore\/trackingevent","title":"TrackingEvent","type":"enum"},{"children":[{"title":"Initializers","type":"groupMarker"},{"path":"\/documentation\/adsdkcore\/admetadata\/init(networkid:campaignid:bannerid:adtype:placement:adname:aspectratio:trackingevents:rawresponse:renderermetadata:)","title":"init(networkId: Int, campaignId: String, bannerId: String, adType: String, placement: AdPlacementType, adName: String?, aspectRatio: Double?, trackingEvents: [TrackingEventData]?, rawResponse: Data, rendererMetadata: [String : Any]?)","type":"init"},{"title":"Instance Properties","type":"groupMarker"},{"path":"\/documentation\/adsdkcore\/admetadata\/adname","title":"var adName: String?","type":"property"},{"path":"\/documentation\/adsdkcore\/admetadata\/adtype","title":"var adType: String","type":"property"},{"path":"\/documentation\/adsdkcore\/admetadata\/aspectratio","title":"var aspectRatio: Double?","type":"property"},{"path":"\/documentation\/adsdkcore\/admetadata\/bannerid","title":"var bannerId: String","type":"property"},{"path":"\/documentation\/adsdkcore\/admetadata\/campaignid","title":"var campaignId: String","type":"property"},{"path":"\/documentation\/adsdkcore\/admetadata\/ext","title":"var ext: [String : Any]","type":"property"},{"path":"\/documentation\/adsdkcore\/admetadata\/networkid","title":"var networkId: Int","type":"property"},{"path":"\/documentation\/adsdkcore\/admetadata\/placement","title":"var placement: AdPlacementType","type":"property"},{"path":"\/documentation\/adsdkcore\/admetadata\/renderermetadata","title":"var rendererMetadata: [String : Any]?","type":"property"},{"path":"\/documentation\/adsdkcore\/admetadata\/trackingevents","title":"var trackingEvents: [TrackingEventData]?","type":"property"}],"path":"\/documentation\/adsdkcore\/admetadata","title":"AdMetadata","type":"class"},{"children":[{"title":"Enumeration Cases","type":"groupMarker"},{"path":"\/documentation\/adsdkcore\/advisibilitypercentage\/fifty","title":"case fifty","type":"case"},{"path":"\/documentation\/adsdkcore\/advisibilitypercentage\/one","title":"case one","type":"case"},{"path":"\/documentation\/adsdkcore\/advisibilitypercentage\/onehundred","title":"case oneHundred","type":"case"},{"title":"Initializers","type":"groupMarker"},{"path":"\/documentation\/adsdkcore\/advisibilitypercentage\/init(rawvalue:)","title":"init?(rawValue: Int)","type":"init"},{"title":"Default Implementations","type":"groupMarker"},{"children":[{"title":"Operators","type":"groupMarker"},{"path":"\/documentation\/adsdkcore\/advisibilitypercentage\/!=(_:_:)","title":"static func != (Self, Self) -> Bool","type":"op"}],"path":"\/documentation\/adsdkcore\/advisibilitypercentage\/equatable-implementations","title":"Equatable Implementations","type":"symbol"},{"children":[{"title":"Instance Properties","type":"groupMarker"},{"path":"\/documentation\/adsdkcore\/advisibilitypercentage\/hashvalue","title":"var hashValue: Int","type":"property"},{"title":"Instance Methods","type":"groupMarker"},{"path":"\/documentation\/adsdkcore\/advisibilitypercentage\/hash(into:)","title":"func hash(into: inout Hasher)","type":"method"}],"path":"\/documentation\/adsdkcore\/advisibilitypercentage\/rawrepresentable-implementations","title":"RawRepresentable Implementations","type":"symbol"}],"path":"\/documentation\/adsdkcore\/advisibilitypercentage","title":"AdVisibilityPercentage","type":"enum"},{"title":"Tap Events","type":"groupMarker"},{"children":[{"title":"Initializers","type":"groupMarker"},{"path":"\/documentation\/adsdkcore\/tapurl\/init(_:)-1kcdh","title":"init(URL)","type":"init"},{"path":"\/documentation\/adsdkcore\/tapurl\/init(_:)-2fbss","title":"init(String) throws","type":"init"},{"title":"Instance Properties","type":"groupMarker"},{"path":"\/documentation\/adsdkcore\/tapurl\/isleadtodeeplink","title":"let isLeadToDeeplink: Bool","type":"property"},{"path":"\/documentation\/adsdkcore\/tapurl\/rawurl","title":"let rawURL: String","type":"property"},{"path":"\/documentation\/adsdkcore\/tapurl\/url","title":"let url: URL","type":"property"},{"title":"Default Implementations","type":"groupMarker"},{"children":[{"title":"Operators","type":"groupMarker"},{"path":"\/documentation\/adsdkcore\/tapurl\/!=(_:_:)","title":"static func != (Self, Self) -> Bool","type":"op"}],"path":"\/documentation\/adsdkcore\/tapurl\/equatable-implementations","title":"Equatable Implementations","type":"symbol"}],"path":"\/documentation\/adsdkcore\/tapurl","title":"TapURL","type":"struct"},{"children":[{"title":"Enumeration Cases","type":"groupMarker"},{"path":"\/documentation\/adsdkcore\/tapevent\/silenttap(_:)","title":"case silentTap(URL)","type":"case"},{"path":"\/documentation\/adsdkcore\/tapevent\/tap","title":"case tap","type":"case"},{"path":"\/documentation\/adsdkcore\/tapevent\/tapasset(id:)","title":"case tapAsset(id: String)","type":"case"},{"path":"\/documentation\/adsdkcore\/tapevent\/tapurl(_:)","title":"case tapURL(TapURL)","type":"case"},{"title":"Default Implementations","type":"groupMarker"},{"children":[{"title":"Operators","type":"groupMarker"},{"path":"\/documentation\/adsdkcore\/tapevent\/!=(_:_:)","title":"static func != (Self, Self) -> Bool","type":"op"}],"path":"\/documentation\/adsdkcore\/tapevent\/equatable-implementations","title":"Equatable Implementations","type":"symbol"}],"path":"\/documentation\/adsdkcore\/tapevent","title":"TapEvent","type":"enum"},{"children":[{"title":"Instance Methods","type":"groupMarker"},{"path":"\/documentation\/adsdkcore\/targeturlhandler\/handleurl(_:)","title":"func handleURL(URL) async","type":"method"},{"children":[{"children":[{"path":"\/documentation\/adsdkcore\/targeturlhandler\/isvalidurl(_:)-8od97","title":"func isValidURL(URL) async -> Bool","type":"method"}],"title":"TargetURLHandler Implementations","type":"groupMarker"}],"path":"\/documentation\/adsdkcore\/targeturlhandler\/isvalidurl(_:)-8t1br","title":"func isValidURL(URL) async -> Bool","type":"method"}],"path":"\/documentation\/adsdkcore\/targeturlhandler","title":"TargetURLHandler","type":"protocol"},{"path":"\/documentation\/adsdkcore\/advertisement\/performtapevent(_:)","title":"func performTapEvent(TapEvent) async","type":"method"},{"path":"\/tutorials\/adsdkcore\/custom-handling-of-target-tap-urls","title":"Custom handling of target tap URLs","type":"project"},{"title":"Tracking Features","type":"groupMarker"},{"path":"\/tutorials\/adsdkcore\/user-tagging-and-conversion-tracking","title":"User tagging and conversion tracking","type":"project"},{"children":[{"title":"Structures","type":"groupMarker"},{"children":[{"title":"Initializers","type":"groupMarker"},{"path":"\/documentation\/adsdkcore\/globalparameters\/externaluid-swift.struct\/init(uid:isstable:)","title":"init(uid: String, isStable: Bool?)","type":"init"},{"title":"Default Implementations","type":"groupMarker"},{"children":[{"title":"Operators","type":"groupMarker"},{"path":"\/documentation\/adsdkcore\/globalparameters\/externaluid-swift.struct\/!=(_:_:)","title":"static func != (Self, Self) -> Bool","type":"op"}],"path":"\/documentation\/adsdkcore\/globalparameters\/externaluid-swift.struct\/equatable-implementations","title":"Equatable Implementations","type":"symbol"}],"path":"\/documentation\/adsdkcore\/globalparameters\/externaluid-swift.struct","title":"GlobalParameters.ExternalUID","type":"struct"},{"children":[{"title":"Initializers","type":"groupMarker"},{"path":"\/documentation\/adsdkcore\/globalparameters\/gdpr-swift.struct\/init(consent:isrulesenabled:)","title":"init(consent: String, isRulesEnabled: Bool?)","type":"init"},{"title":"Default Implementations","type":"groupMarker"},{"children":[{"title":"Operators","type":"groupMarker"},{"path":"\/documentation\/adsdkcore\/globalparameters\/gdpr-swift.struct\/!=(_:_:)","title":"static func != (Self, Self) -> Bool","type":"op"}],"path":"\/documentation\/adsdkcore\/globalparameters\/gdpr-swift.struct\/equatable-implementations","title":"Equatable Implementations","type":"symbol"}],"path":"\/documentation\/adsdkcore\/globalparameters\/gdpr-swift.struct","title":"GlobalParameters.GDPR","type":"struct"},{"title":"Initializers","type":"groupMarker"},{"path":"\/documentation\/adsdkcore\/globalparameters\/init(gdpr:externaluid:isoptoutenabled:userids:)","title":"init(gdpr: GDPR?, externalUID: ExternalUID?, isOptOutEnabled: Bool?, userIds: [UserIdType]?)","type":"init"},{"title":"Instance Properties","type":"groupMarker"},{"path":"\/documentation\/adsdkcore\/globalparameters\/externaluid-swift.property","title":"var externalUID: ExternalUID?","type":"property"},{"path":"\/documentation\/adsdkcore\/globalparameters\/gdpr-swift.property","title":"var gdpr: GDPR?","type":"property"},{"path":"\/documentation\/adsdkcore\/globalparameters\/isoptoutenabled","title":"var isOptOutEnabled: Bool?","type":"property"},{"path":"\/documentation\/adsdkcore\/globalparameters\/userids","title":"var userIds: [UserIdType]?","type":"property"},{"title":"Enumerations","type":"groupMarker"},{"children":[{"title":"Enumeration Cases","type":"groupMarker"},{"path":"\/documentation\/adsdkcore\/globalparameters\/useridtype\/aaid(id:)","title":"case aaid(id: String)","type":"case"},{"path":"\/documentation\/adsdkcore\/globalparameters\/useridtype\/adserver(id:)","title":"case adserver(id: String)","type":"case"},{"path":"\/documentation\/adsdkcore\/globalparameters\/useridtype\/criteo(id:)","title":"case criteo(id: String)","type":"case"},{"path":"\/documentation\/adsdkcore\/globalparameters\/useridtype\/dforce(id:)","title":"case dforce(id: String)","type":"case"},{"path":"\/documentation\/adsdkcore\/globalparameters\/useridtype\/id5sync(id:)","title":"case id5Sync(id: String)","type":"case"},{"path":"\/documentation\/adsdkcore\/globalparameters\/useridtype\/idfa(id:)","title":"case idfa(id: String)","type":"case"},{"path":"\/documentation\/adsdkcore\/globalparameters\/useridtype\/liveramp(id:)","title":"case liveramp(id: String)","type":"case"},{"path":"\/documentation\/adsdkcore\/globalparameters\/useridtype\/netid(id:)","title":"case netid(id: String)","type":"case"},{"path":"\/documentation\/adsdkcore\/globalparameters\/useridtype\/ppid(id:)","title":"case ppid(id: String)","type":"case"},{"path":"\/documentation\/adsdkcore\/globalparameters\/useridtype\/pubcid(id:)","title":"case pubcid(id: String)","type":"case"},{"path":"\/documentation\/adsdkcore\/globalparameters\/useridtype\/ylid(id:)","title":"case ylid(id: String)","type":"case"},{"title":"Default Implementations","type":"groupMarker"},{"children":[{"title":"Operators","type":"groupMarker"},{"path":"\/documentation\/adsdkcore\/globalparameters\/useridtype\/!=(_:_:)","title":"static func != (Self, Self) -> Bool","type":"op"}],"path":"\/documentation\/adsdkcore\/globalparameters\/useridtype\/equatable-implementations","title":"Equatable Implementations","type":"symbol"}],"path":"\/documentation\/adsdkcore\/globalparameters\/useridtype","title":"GlobalParameters.UserIdType","type":"enum"}],"path":"\/documentation\/adsdkcore\/globalparameters","title":"GlobalParameters","type":"class"},{"path":"\/documentation\/adsdkcore\/trackingglobalparameters","title":"TrackingGlobalParameters","type":"class"},{"path":"\/documentation\/adsdkcore\/adservice\/settrackingglobalparameter(_:_:)","title":"func setTrackingGlobalParameter<T>(WritableKeyPath<TrackingGlobalParameters, T?>, T?)","type":"method"},{"path":"\/documentation\/adsdkcore\/adservice\/removetrackingglobalparameter(_:)","title":"func removeTrackingGlobalParameter<T>(WritableKeyPath<TrackingGlobalParameters, T?>)","type":"method"},{"children":[{"title":"Initializers","type":"groupMarker"},{"path":"\/documentation\/adsdkcore\/trackingrequest\/init(landingpageid:trackingspotid:orderid:price:total:quantity:itemnumber:description:timeout:)","title":"init(landingpageId: UInt16, trackingspotId: UInt16, orderId: String?, price: Float?, total: Float?, quantity: UInt32?, itemNumber: String?, description: String?, timeout: TimeInterval?)","type":"init"},{"title":"Instance Properties","type":"groupMarker"},{"path":"\/documentation\/adsdkcore\/trackingrequest\/description","title":"let description: String?","type":"property"},{"path":"\/documentation\/adsdkcore\/trackingrequest\/itemnumber","title":"let itemNumber: String?","type":"property"},{"path":"\/documentation\/adsdkcore\/trackingrequest\/landingpageid","title":"let landingpageId: UInt16","type":"property"},{"path":"\/documentation\/adsdkcore\/trackingrequest\/orderid","title":"let orderId: String?","type":"property"},{"path":"\/documentation\/adsdkcore\/trackingrequest\/price","title":"let price: Float?","type":"property"},{"path":"\/documentation\/adsdkcore\/trackingrequest\/quantity","title":"let quantity: UInt32?","type":"property"},{"path":"\/documentation\/adsdkcore\/trackingrequest\/timeout","title":"let timeout: TimeInterval?","type":"property"},{"path":"\/documentation\/adsdkcore\/trackingrequest\/total","title":"let total: Float?","type":"property"},{"path":"\/documentation\/adsdkcore\/trackingrequest\/trackingspotid","title":"let trackingspotId: UInt16","type":"property"},{"title":"Default Implementations","type":"groupMarker"},{"children":[{"title":"Operators","type":"groupMarker"},{"path":"\/documentation\/adsdkcore\/trackingrequest\/!=(_:_:)","title":"static func != (Self, Self) -> Bool","type":"op"}],"path":"\/documentation\/adsdkcore\/trackingrequest\/equatable-implementations","title":"Equatable Implementations","type":"symbol"}],"path":"\/documentation\/adsdkcore\/trackingrequest","title":"TrackingRequest","type":"struct"},{"path":"\/documentation\/adsdkcore\/adservice\/trackingrequest(_:)","title":"func trackingRequest(TrackingRequest) async throws(AdError)","type":"method"},{"children":[{"title":"Structures","type":"groupMarker"},{"children":[{"title":"Initializers","type":"groupMarker"},{"path":"\/documentation\/adsdkcore\/tagrequest\/tag\/init(key:subkey:value:)","title":"init(key: String, subkey: String, value: String?)","type":"init"},{"title":"Default Implementations","type":"groupMarker"},{"children":[{"title":"Operators","type":"groupMarker"},{"path":"\/documentation\/adsdkcore\/tagrequest\/tag\/!=(_:_:)","title":"static func != (Self, Self) -> Bool","type":"op"}],"path":"\/documentation\/adsdkcore\/tagrequest\/tag\/equatable-implementations","title":"Equatable Implementations","type":"symbol"}],"path":"\/documentation\/adsdkcore\/tagrequest\/tag","title":"TagRequest.Tag","type":"struct"},{"title":"Initializers","type":"groupMarker"},{"path":"\/documentation\/adsdkcore\/tagrequest\/init(_:timeout:)","title":"init([Tag], timeout: TimeInterval?)","type":"init"},{"title":"Default Implementations","type":"groupMarker"},{"children":[{"title":"Operators","type":"groupMarker"},{"path":"\/documentation\/adsdkcore\/tagrequest\/!=(_:_:)","title":"static func != (Self, Self) -> Bool","type":"op"}],"path":"\/documentation\/adsdkcore\/tagrequest\/equatable-implementations","title":"Equatable Implementations","type":"symbol"}],"path":"\/documentation\/adsdkcore\/tagrequest","title":"TagRequest","type":"struct"},{"path":"\/documentation\/adsdkcore\/adservice\/taguser(request:)","title":"func tagUser(request: TagRequest) async throws(AdError)","type":"method"},{"title":"Creating Custom Native Ad","type":"groupMarker"},{"path":"\/tutorials\/adsdkcore\/creating-customised-advertising","title":"Creating customised advertising","type":"project"},{"children":[{"title":"Associated Types","type":"groupMarker"},{"path":"\/documentation\/adsdkcore\/adcontroller\/renderer","title":"Renderer","type":"associatedtype"},{"title":"Initializers","type":"groupMarker"},{"path":"\/documentation\/adsdkcore\/adcontroller\/init(_:)","title":"init?(AssetRepository)","type":"init"},{"children":[{"children":[{"path":"\/documentation\/adsdkcore\/adcontroller\/init(_:_:)-9rwtm","title":"init?(AssetCache, AssetRequestService)","type":"init"}],"title":"AdController Implementations","type":"groupMarker"}],"path":"\/documentation\/adsdkcore\/adcontroller\/init(_:_:)-1ln7p","title":"init?(AssetCache, AssetRequestService)","type":"init"},{"title":"Instance Properties","type":"groupMarker"},{"path":"\/documentation\/adsdkcore\/adcontroller\/delegate","title":"var delegate: AdControllerDelegate?","type":"property"},{"title":"Instance Methods","type":"groupMarker"},{"path":"\/documentation\/adsdkcore\/adcontroller\/configure(_:_:)","title":"func configure(Data, AdMetadata) async throws(AdError)","type":"method"},{"children":[{"children":[{"path":"\/documentation\/adsdkcore\/adcontroller\/layoutdidchange(visibility:)-7chh8","title":"func layoutDidChange(visibility: Int)","type":"method"}],"title":"AdController Implementations","type":"groupMarker"}],"path":"\/documentation\/adsdkcore\/adcontroller\/layoutdidchange(visibility:)-25ctb","title":"func layoutDidChange(visibility: Int)","type":"method"},{"children":[{"children":[{"path":"\/documentation\/adsdkcore\/adcontroller\/prepareforreload()-57s28","title":"func prepareForReload() async throws(AdError)","type":"method"}],"title":"AdController Implementations","type":"groupMarker"}],"path":"\/documentation\/adsdkcore\/adcontroller\/prepareforreload()-c6uh","title":"func prepareForReload() async throws(AdError)","type":"method"}],"path":"\/documentation\/adsdkcore\/adcontroller","title":"AdController","type":"protocol"},{"children":[{"title":"Associated Types","type":"groupMarker"},{"path":"\/documentation\/adsdkcore\/adrenderer\/controller","title":"Controller","type":"associatedtype"},{"title":"Initializers","type":"groupMarker"},{"path":"\/documentation\/adsdkcore\/adrenderer\/init(controller:)","title":"init(controller: Controller)","type":"init"}],"path":"\/documentation\/adsdkcore\/adrenderer","title":"AdRenderer","type":"protocol"},{"children":[{"title":"Instance Methods","type":"groupMarker"},{"path":"\/documentation\/adsdkcore\/adcontrollerdelegate\/performtap(_:)","title":"func performTap(TapEvent) async throws(AdError)","type":"method"},{"path":"\/documentation\/adsdkcore\/adcontrollerdelegate\/performtrackingcustomevent(name:url:)","title":"func performTrackingCustomEvent(name: String, url: URL) async throws(AdError)","type":"method"},{"path":"\/documentation\/adsdkcore\/adcontrollerdelegate\/sendmessage(name:message:)","title":"func sendMessage(name: String, message: String?)","type":"method"},{"path":"\/documentation\/adsdkcore\/adcontrollerdelegate\/unloadrequest()","title":"func unloadRequest()","type":"method"}],"path":"\/documentation\/adsdkcore\/adcontrollerdelegate","title":"AdControllerDelegate","type":"protocol"},{"children":[{"title":"Instance Methods","type":"groupMarker"},{"path":"\/documentation\/adsdkcore\/assetrepository\/getasset(_:)","title":"func getAsset(URL) async throws(AdError) -> AssetResult","type":"method"},{"path":"\/documentation\/adsdkcore\/assetrepository\/getassets(_:)","title":"func getAssets([URL]) async throws(AdError) -> [AssetResult]","type":"method"}],"path":"\/documentation\/adsdkcore\/assetrepository","title":"AssetRepository","type":"protocol"},{"children":[{"title":"Initializers","type":"groupMarker"},{"path":"\/documentation\/adsdkcore\/assetresult\/init(url:data:cacheresult:)","title":"init(url: URL, data: Data, cacheResult: Result<URL, AdError>)","type":"init"},{"title":"Instance Properties","type":"groupMarker"},{"path":"\/documentation\/adsdkcore\/assetresult\/cacheresult","title":"let cacheResult: Result<URL, AdError>","type":"property"},{"path":"\/documentation\/adsdkcore\/assetresult\/data","title":"let data: Data","type":"property"},{"path":"\/documentation\/adsdkcore\/assetresult\/url","title":"let url: URL","type":"property"},{"title":"Default Implementations","type":"groupMarker"},{"children":[{"title":"Operators","type":"groupMarker"},{"path":"\/documentation\/adsdkcore\/assetresult\/!=(_:_:)","title":"static func != (Self, Self) -> Bool","type":"op"}],"path":"\/documentation\/adsdkcore\/assetresult\/equatable-implementations","title":"Equatable Implementations","type":"symbol"}],"path":"\/documentation\/adsdkcore\/assetresult","title":"AssetResult","type":"struct"},{"children":[{"title":"Instance Methods","type":"groupMarker"},{"path":"\/documentation\/adsdkcore\/assetcache\/read(_:)","title":"func read(AssetPath) throws(AdError) -> (data: Data, path: URL)?","type":"method"},{"path":"\/documentation\/adsdkcore\/assetcache\/remove(_:)","title":"func remove(AssetPath) throws(AdError)","type":"method"},{"path":"\/documentation\/adsdkcore\/assetcache\/write(_:data:)","title":"func write(AssetPath, data: Data) throws(AdError) -> URL","type":"method"}],"path":"\/documentation\/adsdkcore\/assetcache","title":"AssetCache","type":"protocol"},{"children":[{"title":"Initializers","type":"groupMarker"},{"path":"\/documentation\/adsdkcore\/assetpath\/init(folder:filename:)","title":"init(folder: String?, fileName: String) throws(AdError)","type":"init"},{"path":"\/documentation\/adsdkcore\/assetpath\/init(folder:url:)","title":"init(folder: String?, url: URL)","type":"init"},{"title":"Instance Properties","type":"groupMarker"},{"path":"\/documentation\/adsdkcore\/assetpath\/filename","title":"let fileName: String","type":"property"},{"path":"\/documentation\/adsdkcore\/assetpath\/folder","title":"let folder: String?","type":"property"},{"title":"Default Implementations","type":"groupMarker"},{"children":[{"title":"Operators","type":"groupMarker"},{"path":"\/documentation\/adsdkcore\/assetpath\/!=(_:_:)","title":"static func != (Self, Self) -> Bool","type":"op"}],"path":"\/documentation\/adsdkcore\/assetpath\/equatable-implementations","title":"Equatable Implementations","type":"symbol"}],"path":"\/documentation\/adsdkcore\/assetpath","title":"AssetPath","type":"struct"},{"children":[{"title":"Instance Methods","type":"groupMarker"},{"path":"\/documentation\/adsdkcore\/assetrequestservice\/request(_:)","title":"func request(URL) async throws(AdError) -> Data","type":"method"}],"path":"\/documentation\/adsdkcore\/assetrequestservice","title":"AssetRequestService","type":"protocol"},{"path":"\/documentation\/adsdkcore\/adservice\/registerrenderer(_:forname:)","title":"func registerRenderer<T>(T.Type, forName: String)","type":"method"},{"path":"\/documentation\/adsdkcore\/adservice\/unregisterrenderer(forname:)","title":"func unregisterRenderer(forName: String)","type":"method"},{"title":"Structures","type":"groupMarker"},{"children":[{"title":"Instance Properties","type":"groupMarker"},{"path":"\/documentation\/adsdkcore\/trackingeventdata\/event","title":"let event: TrackingEvent","type":"property"},{"path":"\/documentation\/adsdkcore\/trackingeventdata\/url","title":"let url: URL","type":"property"},{"title":"Default Implementations","type":"groupMarker"},{"children":[{"title":"Initializers","type":"groupMarker"},{"path":"\/documentation\/adsdkcore\/trackingeventdata\/init(from:)","title":"init(from: Decoder) throws","type":"init"}],"path":"\/documentation\/adsdkcore\/trackingeventdata\/decodable-implementations","title":"Decodable Implementations","type":"symbol"},{"children":[{"title":"Operators","type":"groupMarker"},{"path":"\/documentation\/adsdkcore\/trackingeventdata\/!=(_:_:)","title":"static func != (Self, Self) -> Bool","type":"op"}],"path":"\/documentation\/adsdkcore\/trackingeventdata\/equatable-implementations","title":"Equatable Implementations","type":"symbol"}],"path":"\/documentation\/adsdkcore\/trackingeventdata","title":"TrackingEventData","type":"struct"}],"path":"\/documentation\/adsdkcore","title":"AdSDKCore","type":"module"}]},"schemaVersion":{"major":0,"minor":1,"patch":2}}